{
    "left": [
        [
            0.41641788017614256, 
            -0.08134067170476082, 
            0.1806841920880202
        ], 
        [
            -0.11846596970480897, 
            0.10632541946137962, 
            -0.32450901675492766, 
            0.932391879653084
        ]
    ], 
    "right": [
        [
            0.3963002024668513, 
            -0.103695701592144, 
            0.09532526326978906
        ], 
        [
            0.22217306844717333, 
            0.1536053973549468, 
            0.08547209686672458, 
            0.9590302551105475
        ]
    ]
}