{
    "left": [
        [
            0.5154835020491653, 
            0.10361619303010457, 
            0.1470500946952788
        ], 
        [
            -0.47294379738703546, 
            -0.04507957765700424, 
            -0.01853874559764413, 
            0.8797433211471757
        ]
    ], 
    "right": [
        [
            0.5183538350128095, 
            -0.10378622851575922, 
            0.14844079724453946
        ], 
        [
            0.5070587236850223, 
            -0.05200658931414299, 
            0.022468732388818996, 
            0.8600476274414494
        ]
    ]
}