{
    "left": [
        [
            0.4017231917346314, 
            0.16687150753252705, 
            0.19464444214547227
        ], 
        [
            -0.24190990190685402, 
            0.0032812688783940202, 
            -0.026927193808549535, 
            0.969919459990138
        ]
    ], 
    "right": [
        [
            0.4018627300725938, 
            -0.16097851252022907, 
            0.19418281883649086
        ], 
        [
            0.23720718943218372, 
            0.008143940401396627, 
            0.03594354181277367, 
            0.9707597474753349
        ]
    ]
}