{
    "left": [
        [
            0.5024062241057748, 
            0.11585342628658023, 
            0.1407237631362249
        ], 
        [
            -0.551068573037998, 
            -0.13022083055435463, 
            0.0388267429438049, 
            0.8233215939910565
        ]
    ], 
    "right": [
        [
            0.48420100008266637, 
            -0.10856818992845556, 
            0.1419874582338624
        ], 
        [
            0.4269694403545916, 
            -0.09523082563164953, 
            0.14300553379230432, 
            0.8877936720643933
        ]
    ]
}