{
    "left": [
        [
            0.48065755667649834, 
            -0.06508698183887886, 
            0.4967120956468956
        ], 
        [
            0.04270192237041046, 
            -0.5655489780595455, 
            -0.09226461560430475, 
            0.8184241809410723
        ]
    ], 
    "right": [
        [
            0.5146199881606087, 
            -0.14409565987932263, 
            0.4613247148089876
        ], 
        [
            0.06533974847696421, 
            -0.4228282214887206, 
            -0.06743886365686239, 
            0.9013317990897267
        ]
    ]
}